<parameters>
  <parameter name="IIS Web Application Name" defaultValue="" tags="IisApp">
    <parameterEntry type="ProviderPath" scope="iisapp" match="WebSite" />
  </parameter>
  <parameter name="AllowedCorsOrigins" description="Pipe-separated list of instances (URIs) that are allowed to login via Sitecore Identity.">
  </parameter>
  <parameter name="ClientSecret" description="Client secret of PasswordClient section. It's a random string between 1 and 100 symbols long.">
  </parameter>
  <parameter name="Security Connection String" tags="Hidden, SQLConnectionString, NoStore" description="Security database connection string.">
  </parameter>
  <parameter name="PasswordRecoveryUrl" tags="Hidden, NoStore" description="Password recovery Url.">
  </parameter>
  <parameter name="CertificateThumbprint" description="Certificate Thumbprint." defaultValue="">
  </parameter>
  <parameter name="CertificateStoreLocation" description="Certificate Location." defaultValue="LocalMachine">
  </parameter>
  <parameter name="CertificateStoreName" description="Certificate Store Name." defaultValue="My">
  </parameter>
  <parameter name="Application Insights Instrumentation Key" description="Sitecore Application Insights Instrumentation Key" defaultValue="">
    <parameterValidation kind="AllowEmpty" />
  </parameter>
  <parameter name="License Xml" tags="Hidden,NoStore" description="Content of license.xml." defaultValue="">
    <parameterValidation kind="AllowEmpty" />
  </parameter>
</parameters>