﻿<?xml version="1.0" encoding="utf-8"?>
<parameters>
  <parameter name="Application Path" description="Full site path where you would like to install your application (i.e., Default Web Site/Content)" defaultValue="Default Web Site/Content" tags="iisapp">
    <parameterEntry type="ProviderPath" scope="iisapp" match="WebSite" />
  </parameter>
  <parameter name="XDB Processing Tasks DB User Name" description="User name to access you XDB Processing Tasks database" tags="SQL, Hidden, DbUsername">
  </parameter>
  <parameter name="XDB Processing Tasks DB Password" description="Password to access you XDB Processing Tasks database" tags="SQL, Hidden, DbUserPassword">
  </parameter>
  <parameter name="XDB Processing Tasks Admin Connection String" description="Connection string to import the dacpac and create user in XDB Processing Tasks database" tags="Hidden, SQLConnectionString, NoStore">
  </parameter>
  <parameter name="Master Connection String" description="Connection string to enter into config" tags="SQL, Hidden,NoStore">
  </parameter>
  <parameter name="Core Connection String" description="Connection string to enter into config" tags="SQL, Hidden,NoStore">
  </parameter>
  <parameter name="Security Connection String" description="Connection string to enter into config" tags="SQL, Hidden,NoStore">
  </parameter>
  <parameter name="Reporting Connection String" description="Connection string to enter into config" tags="SQL, Hidden,NoStore">
  </parameter>
  <parameter name="XDB Processing Pools Connection String" description="Connection string to connect to your XDB Processing Pools database" tags="SQL, Hidden,NoStore">
  </parameter>
  <parameter name="XDB Processing Tasks Connection String" description="Connection string to connect to your XDB Processing Tasks database" tags="SQL, Hidden,NoStore">
  </parameter>
  <parameter name="XDB Reference Data Connection String" description="Connection string to connect to your XDB Reference Data database" tags="SQL, Hidden,NoStore">
  </parameter>
  <parameter name="Reporting Service Api Key" description="Api Key for Authentication Purpose" tags="Hidden,NoStore">
  </parameter>
  <parameter name="Application Insights Instrumentation Key" description="Sitecore Application Insights Instrumentation Key" tags="Hidden,NoStore">
    <parameterValidation kind="AllowEmpty" />
  </parameter>
  <parameter name="Application Insights Role" description="Sitecore Application Insights Role" tags="Hidden,NoStore">
    <parameterValidation kind="AllowEmpty" />
  </parameter>
  <parameter name="Store Sitecore Counters In Application Insights" description="Provide Counters to Application Insights" tags="Hidden,NoStore">
  </parameter>
  <parameter name="Use Application Insights" description="Use Application Insights" tags="Hidden,NoStore">
  </parameter>
  <parameter name="XConnect Collection" description="XConnect Collection" tags="Hidden,NoStore">
  </parameter>
  <parameter name="XConnect Collection Certificate" description="XConnect Collection Certificate" tags="Hidden,NoStore">
  </parameter>
  <parameter name="Allow Invalid Client Certificates" description="Allow Invalid Client Certificates" defaultValue="false" tags="">
  </parameter>
  <parameter name="License Xml" tags="Hidden,NoStore">
  </parameter>
  <parameter name="IP Security Client IP" tags="Hidden,NoStore">
  </parameter>
  <parameter name="IP Security Client IP Mask" tags="Hidden,NoStore">
  </parameter>
</parameters>